{"cameraMode":{"drawMode":0,"name":"Shaded","section":"Shading Mode"},"sceneLighting":false,"audioPlay":false,"sceneViewState":{"m_AlwaysRefresh":false,"showFog":false,"showSkybox":false,"showFlares":false,"showImageEffects":false,"showParticleSystems":false,"showVisualEffectGraphs":true,"m_FxEnabled":true},"in2DMode":false,"pivot":{"x":0.047245800495147708,"y":0.8125990629196167,"z":0.153548464179039},"rotation":{"x":-0.01000477559864521,"y":-0.9872812628746033,"z":0.06903424859046936,"w":-0.14305239915847779},"size":1.414470911026001,"orthographic":false}